{"centro_titularidad":"PRIVADO","centro_nombre":"INSTITUTO VOX","coordenada_x":439513,"coordenada_y":4476920,"distancia_minima":121.199485}
{"centro_titularidad":"PRIVADO CONCERTADO","centro_nombre":"TEIDE II","coordenada_x":439841,"coordenada_y":4474146,"distancia_minima":448.712902}
{"centro_titularidad":"PÚBLICO","centro_nombre":"UNIVERSIDAD POLITECNICA DE MADRID"}
{"centro_titularidad":"PÚBLICO","centro_nombre":"UNIVERSIDAD AUTONOMA DE MADRID"}
{"centro_titularidad":"PÚBLICO","centro_nombre":"UNIVERSIDAD DE ALCALA DE HENARES"}
{"centro_titularidad":"PÚBLICO","centro_nombre":"UNIVERSIDAD CARLOS III"}
{"centro_titularidad":"PÚBLICO-TITULARIDAD PRIVADA","centro_nombre":"ESCUELA DE FORMACION ESPEC. IMAGEN DIAG. HOSPITAL CLINICO SAN CARLOS","coordenada_x":438970,"coordenada_y":4476829,"distancia_minima":2318.456383}
